{
  "ValidMaintainers": {
    "Description": "GitHub users who maintain this folder. PR for changing this folder will only be accepted from these users.",
    "GitHubHandles": [
      "omkarkhair",
      "VikramPendse",
      "mayur-tendulkar"
    ]
  },
  "CommunityInfo": {
    "Name": "Pune User Group",
    "Country": "India",
    "Url": "http://puneusergroup.org/events/ga2023/",
    "Logo": {
      "Description": "Pune User Group - Logo",
      "File": "logo.png"
    },
    "Locations": [
      {
        "Name": "MCCIA",
        "Address": " ICC Trade Tower, 505, A-Wing, ,5th Floor, MCCIA Trade Tower, ICC Complex, 403-A, Senapati Bapat Rd, Laxmi Society, Model Colony, Shivajinagar, Pune, Maharashtra 411016",
        "Latitude": 18.5356437,
        "Longitude": 73.8298503
      }
    ]
  }
}
