{
  "ValidMaintainers": {
    "Description": "GitHub users who maintain this folder. PR for changing this folder will only be accepted from these users.",
    "GitHubHandles": [
      "nileshgule"
    ]
  },
  "CommunityInfo": {
    "Name": "Azure Singapore",
    "Country": "Singapore",
    "Url": "https://www.meetup.com/en-AU/mssgug/events/291424203",
    "SessionizeApiId": "o4z5vjpg",
    "Description_SessionizeApiId": "https://sessionize.com/api/v2/o4z5vjpg/view/Sessions",
    "SessionizeEventName": "https://sessionize.com/global-azure-bootcamp-singapore-2023/",
    "Logo": {
      "Description": "Azure Singapore Community Logo",
      "File": "Azure-Singapore.png"
    },
    "Locations": [
      {
        "Name": "Global Azure Bootcamp Singapore",
        "Address": "Microsoft Singapore, 182 Cecil Street, Singapore 069547",
        "Latitude": 1.27896,
        "Longitude": 103.84731
      }
    ]
  }
}
