{
  "ValidMaintainers": {
    "Description": "GitHub users who maintain this folder. PR for changing this folder will only be accepted from these users.",
    "GitHubHandles": [
      "noopman",
      "jahlen",
      "BMichaelJ"
    ]
  },
  "CommunityInfo": {
    "Name": "Azure Skåne",
    "Country": "Sweden",
    "Url": "https://www.meetup.com/Azure-Skane/",
    "SessionizeApiId": "bg6ydtu7",
    "Locations": [{
      "Name": "Malmö",
      "Latitude": 55.61126802005422,
      "Longitude": 13.00184398064394
    }],
    "Logo": {
      "Description": "Azure Skåne logo",
      "File": "azureskane.png"
    }
  }
}
