{
  "ValidMaintainers": {
    "Description": "GitHub users who maintain this folder. PR for changing this folder will only be accepted from these users.",
    "GitHubHandles": [
      "jayrajmishra",
      "PradeepKandel"
    ]
  },
  "CommunityInfo": [
    {
      "Name": "Nepal Cloud Professionals",
      "Country": "Nepal",
      "Url": "https://www.facebook.com/NepalCloudPro",
      "Logo": {
        "Description": "Global Azure 2023 by Nepal Cloud Professionals and techWebinarNepal",
        "File": "global-azure-kathmandu-nepal.png"
      }
    },
    {
    "Name": "techWebinarNepal",
    "Country": "Nepal",
    "Url": "https://www.facebook.com/techwebinar",
    "Logo": {
      "Description": "Global Azure 2023 by Nepal Cloud Professionals and techWebinarNepal",
      "File": "global-azure-kathmandu-nepal.png"
    }
  }
    ],
    "Locations": [
      {
        "Name": "Kathmandu",
        "Address": "TBD",
        "Latitude": 0,
        "Longitude": 0
      }
    ]
  }