{
  "ValidMaintainers": {
    "Description": "GitHub users who maintain this folder. PR for changing this folder will only be accepted from these users.",
    "GitHubHandles": [
      "noopman",
      "BMichaelJ",
      "gvu-agnitio",
      "negarfield"
    ]
  },
  "CommunityInfo": {
    "Name": "Azure Skåne",
    "Country": "Sweden",
    "Url": "https://www.meetup.com/Azure-Skane/",
    "SessionizeApiId": "",
    "SessionizeEventName": "",
    "Logo": {
      "Description": "Azure Skåne",
      "File": "azureskane.png"
    },
    "Locations": [
      {
        "Name": "Malmö",
        "Latitude": 55.61126802005422,
        "Longitude": 13.00184398064394
      }
    ]
  }
}
