{
  "ValidMaintainers": {
    "Description": "GitHub users who maintain this folder. PR for changing this folder will only be accepted from these users.",
    "GitHubHandles": [
      "glazuremk",
      "darkomilevski"
    ]
  },
  "CommunityInfo": {
    "Name": "Global Azure North Macedonia",
    "Country": "North Macedonia",
    "Url": "https://www.facebook.com/mkdotnet",
    "SessionizeApiId": "zv07f3vq",
    "Description_SessionizeApiId": "If you have configured your Sessionize correctly then browsing to this url (replacing {Your sessionize event Id} with your event sessionize id) will return valid json: https://sessionize.com/api/v2/{Your sessionize event Id}/view/Sessions",
    "SessionizeEventName": "Global Azure North Macedonia 2023",
    "Logo": {
      "Description": "Community logo is a .png file 500X500px named {foldername}.png.",
      "File": "GlobalAzureNMK.png"
    },
    "Locations": [
      {
        "Name": "Public Room - Skopje",
        "Address": "50-ta Divizija 22, 1000 Skopje, North Macedonia",
        "Latitude": 41.98992745707329,
        "Longitude": 21.426209807395935
      }
    ]
  }
}
