{
  "ValidMaintainers": {
    "Description": "GitHub users who maintain this folder. PR for changing this folder will only be accepted from these users.",
    "GitHubHandles": [
      "geffzhang",
      "kinfey"
    ]
  },
  "CommunityInfo": {
    "Name": "Global Azure GBA",
    "Country": "China",
    "Url": "http://hdxu.cn/qvgNP",
    "SessionizeApiId": "",
    "Description_SessionizeApiId": "If you have configured your Sessionize correctly then browsing to this url (replacing {Your sessionize event Id} with your event sessionize id) will return valid json: https://sessionize.com/api/v2/{Your sessionize event Id}/view/Sessions",
    "SessionizeEventName": "{Your sessionize event name (or complete URL to the public Sessionize C4P, i.e. https://sessionize.com/global-azure or just global-azure)}",
    "Logo": {
      "Description": "Global Azure Guangdong-Hong Kong-Macao Greater Bay Area",
      "File": "GBAazure.png"
    },
    "Locations": [
      {
        "Name": "Guangzhou China",
        "Address": "Guangzhou Library, No. 4 Zhujiang East Road, Guangzhou",
        "Latitude": 23.138275,
        "Longitude": 113.322388
      }
    ]
  }
}
