{
  "ValidMaintainers": {
    "Description": "GitHub users who maintain this folder. PR for changing this folder will only be accepted from these users.",
    "GitHubHandles": [
      "anbumani27",
      "karthikeyanVK"
    ]
  },
  "CommunityInfo": {
    "Name": "XMonkeys360",
    "Country": "India",
    "Url": "https://www.meetup.com/XMonkeys360/",
    "SessionizeApiId": "89i8slli",
    "SessionizeEventName": "https://sessionize.com/global-azure-2023-chennai/",
    "Logo": {
      "Description": "Community logo is a .png file 500X500px named xmonkeys360.png.",
      "File": "xm360.png"
    },
    "Locations": [
      {
        "Name": "Chennai",
        "Address": "PRO",
        "Latitude": 13.03931080371539,
        "Longitude": 80.26061877608299
      }
    ]
  }
}
