{
  "ValidMaintainers": {
    "Description": "GitHub users who maintain this folder. PR for changing this folder will only be accepted from these users.",
    "GitHubHandles": [
      "",
      "",
      ""
    ]
  },
  "CommunityInfo": {
    "Name": "Azure Meetup Torino",
    "Country": "Italy",
    "Url": "https://www.meetup.com/Meetup-Microsoft-Azure-Torino/",
    "SessionizeApiId": "fjwz1ozi",
    "Logo": {
      "Description": "Azure Meetup Torino",
      "File": "AzureMeetupTorino.png"
    },
    "Locations": [
      {
        "Name": "Fondazione ITS ICT",
        "Address": "Via Jacopo Durandi 10, Turin",
        "Latitude": 45.081726,
        "Longitude": 7.660096
      }
    ]
  }
}
