{
  "ValidMaintainers": {
    "Description": "GitHub users who maintain this folder. PR for changing this folder will only be accepted from these users.",
    "GitHubHandles": [
      "randb13"
    ]
  },
  "CommunityInfo": {
    "Name": "MTG Azure DevOps Aix-en-Provence",
    "Country": "France",
    "Url": "https://www.meetup.com/fr-FR/meetup-azure-devops-aix-en-provence/",
    "Description_SessionizeApiId": "If you have configured your Sessionize correctly then browsing to this url (replacing {Your sessionize event Id} with your event sessionize id) will return valid json: https://sessionize.com/api/v2/{Your sessionize event Id}/view/Sessions",
    "SessionizeApiId": "",
    "SessionizeEventName": "",
    "Logo": {
      "Description": "Community logo is a .png file 500X500px in this folder!",
      "File": "AixMTG.png"
    },
    "Locations": [
      {
        "Description": "Each location where your community will be running a Global Azure event.",
        "Name": "Aix-en-Provence",
        "Address": "Aix-en-Provence",
        "Description_Lat_Lon": "The Lat and Lon location for where you want your community pin on the Global Azure Community Map (example 47.6457554, -122.1299952).",
        "Latitude": 43.529742,
        "Longitude": 43.529742
      }
    ]
  }
}
