{
  "ValidMaintainers": {
    "Description": "GitHub users who maintain this folder. PR for changing this folder will only be accepted from these users.",
    "GitHubHandles": [
      "melkor54248",
      "xabikos",
      "ziaziosk"
    ]
  },
  "CommunityInfo": {
    "Name": "Thessaloníki .NET Meetup",
    "Country": "Greece",
    "Url": "https://www.meetup.com/thessaloniki-net-meetup/",
    "SessionizeApiId": "{Your sessionize event Id}",
    "Description_SessionizeApiId": "If you have configured your Sessionize correctly then browsing to this url (replacing {Your sessionize event Id} with your event sessionize id) will return valid json: https://sessionize.com/api/v2/{Your sessionize event Id}/view/Sessions",
    "SessionizeEventName": "{Your sessionize event name (or complete URL to the public Sessionize C4P, i.e. https://sessionize.com/global-azure or just global-azure)}",
    "Logo": {
      "Description": "Thessaloniki.net meetup logo with the text and city's monuments",
      "File": "logo.png"
    },
    "Locations": [
      {
        "Name": "OK Thess",
        "Address": "OKThess Kommotinis 2, Thessaloniki 54655",
        "Latitude": 40.595090,
        "Longitude": 22.951410
      }
    ]
  }
}
