{
  "ValidMaintainers": {
    "Description": "GitHub users who maintain this folder. PR for changing this folder will only be accepted from these users.",
    "GitHubHandles": [
      "jorgemaia", 
      "angelobelchior"
      
    ]
  },
  "CommunityInfo": {
    "Name": "Global Azure no Reactor SP (CrazyTechGuys)",
    "Country": "Brasil",
    "Description_SessionizeApiId": "https://sessionize.com/api/v2/v2a4jf04/view/Sessions",
    "SessionizeApiId": "v2a4jf04",
    "SessionizeEventName": "global-azure-crazytechguys-sao-paulo-202",
    "Logo": {
      "Description": "Global Azure 2023 Reactor SP by CrazyTechGuys",
      "File": "AzureReactorSPCrazyTechGuys.png"
    },
    "Locations": [
      {
        "Description": "Each location where your community will be running a Global Azure event.",
        "Name": "Microsoft Reactor SP",
        "Address": "R. Jaceru, 225 - Vila Gertrudes, São Paulo - SP, 04705-000",
        "Description_Lat_Lon": "The Lat and Lon location for where you want your community pin on the Global Azure Community Map (example 47.6457554, -122.1299952).",
        "Latitude": -23.6219573,
        "Longitude": -46.6932104
      }
    ]
  }
}
