{
  "ValidMaintainers": {
    "Description": "GitHub users who maintain this folder. PR for changing this folder will only be accepted from these users.",
    "GitHubHandles": [
      "belrarr",
      "zigmax"
    ]
  },
  "CommunityInfo": {
    "Name": "Communauté Azure de Québec",
    "Country": "Canada",
    "Url": "https://meetup.com/azureqc",
    "SessionizeApiId": "{Your sessionize event Id}",
    "Logo": {
      "Description": "Community logo is a .png file 500X500px named AzureQuebec.png.",
      "File": "AzureQuebec.png"
    },
    "Locations": [
      {
        "Name": "Le CAMP Quebec",
        "Address": "125, boul. Charest Est, Quebec (QC), G1K 3G5",
        "Latitude": 46.813860,
        "Longitude": -71.223450
      }
    ]
  }
}
