{
  "ValidMaintainers": {
    "Description": "GitHub users who maintain this folder. PR for changing this folder will only be accepted from these users.",
    "GitHubHandles": [
      "m365academy"
    
    ]
  },
  "CommunityInfo": {
    "Name": "Dublin Cloud User Group",
    "Country": "Ireland",
    "Url": "https://www.meetup.com/Dublin-Cloud-User-Group/",
    "SessionizeApiId": "",
    "Locations": [{
      "Name": "Dublin",
      "Latitude": 53.3244431,
      "Longitude": -6.3857869
    }],
    "Logo": {
      "Description": "Community logo is a .png file named {foldername}.png.",
      "File": "GlobalAzureDublin.png"
    }
  }
}
