{
  "ValidMaintainers": {
    "Description": "GitHub users who maintain this folder. PR for changing this folder will only be accepted from these users.",
    "GitHubHandles": [
      "aaryan2134"
    ]
  },
  "CommunityInfo": {
    "Name": "AzureDTU",
    "Country": "India",
    "Url": "https://bit.ly/m/AzureDTU",
    "SessionizeApiId": "3hsapfwa",
    "Description_SessionizeApiId": "If you have configured your Sessionize correctly then browsing to this url (replacing {Your sessionize event Id} with your event sessionize id) will return valid json: https://sessionize.com/api/v2/{Your sessionize event Id}/view/Sessions",
    "SessionizeEventName": "dtu-global-azure-2023-bootcamp",
    "Logo": {
      "Description": "Community logo is a .png file 500X500px named {foldername}.png.",
      "File": "AzureDTU.png"
    },
    "Locations": [
      {
        "Name": "India",
        "Address": "Delhi Technological University, Shahbad Daulatpur Village, Rohini, New Delhi, Delhi 110042",
        "Latitude": 28.749592041745753,
        "Longitude": 77.11840947485602
      }
    ]
  }
}
