{
  "ValidMaintainers": {
    "Description": "GitHub users who maintain this folder. PR for changing this folder will only be accepted from these users.",
    "GitHubHandles": [
      "nanddeepn",
      "SmitaNachan",
      "siddharth-vaghasia",
      "kunj-sangani"
    ]
  },
  "CommunityInfo": {
    "Name": "Pune Tech Community",
    "Country": "India",
    "Url": "https://www.meetup.com/pune-tech-community/events/291444341/",
    "SessionizeApiId": "yt6gvr26",
    "Logo": {
      "Description": "Global Azure bootcamp 2023 by Pune Tech Community",
      "File": "punetechcommunity.png"
    },
    "Locations": [
      {
        "Name": "Pune",
        "Address": "Pune",
        "Latitude": 18.516726,
        "Longitude": 73.856255
      }
    ]
  }
}
