{
  "ValidMaintainers": {
    "Description": "GitHub users who maintain this folder. PR for changing this folder will only be accepted from these users.",
    "GitHubHandles": [
      "devteam504",
      "christiansc96"
    ]
  },
  "CommunityInfo": {
    "Name": "DevTeam504",
    "Country": "Honduras",
    "Url": "https://www.meetup.com/es-ES/devteam504/",
    "Logo": {
      "Description": "DevTeam504",
      "File": "devteam504.png"
    },
    "Locations": [
      {
        "Name": "Honduras",
        "Address": "San Pedro Sula, Cortés",
        "Latitude": 15.5053785,
        "Longitude": -88.0412962
      }
    ]
  }
}
