{
  "ValidMaintainers": {
    "Description": "GitHub users who maintain this folder. PR for changing this folder will only be accepted from these users.",
    "GitHubHandles": [
      "maartenba",
      "KrisvanderMast"
    ]
  },
  "CommunityInfo": {
    "Name": "AZUG - Azure User Group Belgium",
    "Country": "Belgium",
    "Url": "https://www.azug.be/",
    "Location": {
        "Latitude": 50.5005859,
        "Longitude": 3.9057422
    }
  },
  "Logo": {
    "Description": "azug logo",
    "File": "azug.png"
  }
}