{
    "ValidMaintainers": {
      "Description": "GitHub users who maintain this folder. PR for changing this folder will only be accepted from these users.",
      "GitHubHandles": [
        "anirban.mondal@valuemomentum.com"
      ]
    },
    "CommunityInfo": {
      "Name": "Global Azure 2023 - Organized by ValueMomentum",
      "Country": "India",
      "Url": "https://globalazurebootcamp.azurewebsites.net/",
      "SessionizeApiId": "",
      "Logo": {
        "Description": "Valuemomentum Bootcamp logo",
        "File": "VM_Logo.png"
      },
      "Locations": [
        {
          "Name": "ValueMomentum Software Services Pvt Ltd",
          "Address": "Plot No 36 & 37, ValueMomentum Towers, Financial District, Nanakaramguda, Telangana 500032",
          "Latitude": 17.4219020, 
          "Longitude": 78.3321380
        }
      ]
    }
  }