{
    "ValidMaintainers": {
      "Description": "GitHub users who maintain this folder. PR for changing this folder will only be accepted from these users.",
      "GitHubHandles": [
        "andreatosato",
        "CloudGenVR",
        "MarcoZama"
      ]
    },
    "CommunityInfo": {
      "Name": "Cloudgen Verona",
      "Country": "Italy",
      "Url": "https://cloudgen.it/",
      "SessionizeApiId": "7vjf43pa",
      "Locations": [
          {
            "Name": "Verona",
            "Latitude": 45.2619,
            "Longitude": 10.5934
        }
      ]
    }
  }
