{
  "ValidMaintainers": {
    "Description": "GitHub users who maintain this folder. PR for changing this folder will only be accepted from these users.",
    "GitHubHandles": [
      "",
      "",
      ""
    ]
  },
  "CommunityInfo": {
    "Name": "Japan Azure User Group",
    "Country": "Japan",
    "Url": "https://jazug.connpass.com/",
    "Description_SessionizeApiId": "If you have configured your Sessionize correctly then browsing to this url (replacing {Your sessionize event Id} with your event sessionize id) will return valid json: https://sessionize.com/api/v2/{Your sessionize event Id}/view/Sessions",
    "SessionizeApiId": "",
    "SessionizeEventName": "",
    "Logo": {
      "Description": "Global Azure 2023 Japan",
      "File": "jazug.png"
    },
    "Locations": [
      {
        "Name": "Microsoft Japan",
        "Address": "Shinagawa Grand Central Tower",
        "Latitude": 35.626619,
        "Longitude": 139.7385796
      }
    ]
  }
}
