{
  "ValidMaintainers": {
    "Description": "GitHub users who maintain this folder. PR for changing this folder will only be accepted from these users.",
    "GitHubHandles": [
      "srronaksingh",
    ]
  },
  "CommunityInfo": {
    "Name": "{Microsoft Learn Community - GBU}",
    "Country": "{India}",
    "Url": "https://yourcommunity.something/",
    "Description_SessionizeApiId": "If you have configured your Sessionize correctly then browsing to this url (replacing {Your sessionize event Id} with your event sessionize id) will return valid json: https://sessionize.com/api/v2/h7zfs3pq/view/Sessions",
    "SessionizeApiId": "h7zfs3pq",
    "SessionizeEventName": "https://sessionize.com/microsoft-learn-community-global-azure-2023/",
    "Logo": {
      "Description": "Community logo is a .png file 500X500px in this folder!",
      "File": "MLC-GBU_Global_Azure.png"
    },
    "Locations": [
      {
        "Description": "Each location where your community will be running a Global Azure event.",
        "Name": "Gautam Buddha University",
        "Address": "Management Auditorium, Gautam Buddha University, Greater Noida, Uttar Pradesh India 201312",
        "Description_Lat_Lon": "The Lat and Lon location for where you want your community pin on the Global Azure Community Map (example 47.6457554, -122.1299952).",
        "Latitude": {28.416791},
        "Longitude": {77.523494}
      }
    ]
  }
}
