{
  "ValidMaintainers": {
    "Description": "GitHub users who maintain this folder. PR for changing this folder will only be accepted from these users.",
    "GitHubHandles": [
      "rakoellner", "PfiffiKrebs","christianwaha"
    ]
  },
  "CommunityInfo": {
    "Name": "Azure Meetup Cologne",
    "Country": "Germany",
    "Url": "https://www.rakoellner.de/global-azure-cgn/",
    "SessionizeApiId": "",
    "Logo": {
      "Description": "Community logo is a .png file 500X500px named {foldername}.png.",
      "File": "azurecgn-logo.png"
    },
    "Locations": [
      {
        "Address": "",
        "Latitude": 50.935173,
        "Longitude": 6.953101,
        "Name": "Online"
      }
    ]
  }
}
