{
  "ValidMaintainers": {
    "Description": "GitHub users who maintain this folder. PR for changing this folder will only be accepted from these users.",
    "GitHubHandles": [
      "anuraj"
    ]
  },
  "CommunityInfo": {
    "Name": "K-MUG",
    "Country": "India",
    "Url": "https://k-mug.net/",
    "SessionizeApiId": "rvb4n87f",
    "SessionizeEventName": "https://sessionize.com/k-mug-global-azure-bootcamp-2023/",
    "Logo": {
      "Description": "Community logo is a .png file 500X500px named k-mug.png.",
      "File": "k-mug.png"
    },
    "Locations": [
      {
        "Name": "Cochin",
        "Address": "Orion Innovation, 103, 1st Floor, Lulu Cyber Tower I, Infopark, Kakkanad, Kochi, Kerala 682042, India",
        "Latitude": 10.010070288555351,
        "Longitude": 76.36593973670695
      }
    ]
  }
}
