{
  "ValidMaintainers": {
    "Description": "GitHub users who maintain this folder. PR for changing this folder will only be accepted from these users.",
    "GitHubHandles": [
      "fisica3",
      "jcastanedacano",
      ""
    ]
  },
  "CommunityInfo": {
    "Name": "Global Azure Lima (por Microsoft User Group Perú)",
    "Country": "Peru",
    "Url": "https://www.meetup.com/es/msperu/events/285086738/",
    "Logo": {
      "Description": "Community logo for Global Azure Lima.",
      "File": "1650315725256.jpg"
    },
    "Locations": [
      {
        "Name": "Lima",
        "Address":"Online",
        "Latitude": -12.04318 ,
        "Longitude": -77.02824
      }
    ]
  }
}
