{
  "ValidMaintainers": {
    "Description": "GitHub users who maintain this folder. PR for changing this folder will only be accepted from these users.",
    "GitHubHandles": [
      "VMhimanshu"
    ]
  },
  "CommunityInfo": {
    "Name": "Global Azure 2022 - Organized by ValueMomentum",
    "Country": "India",
    "Url": "https://globalazure.valuemomentum.com/",
    "SessionizeApiId": "pjo1g7rl",
    "Description_SessionizeApiId": "https://sessionize.com/api/v2/pjo1g7rl/view/Sessions",
    "Logo": {
      "Description": "Valuemomentum Bootcamp logo",
      "File": "ValuemomentumGlobalAzureBootcamp.png"
    },
    "Locations": [
      {
        "Name": "Valuemomentum Towers",
        "Address": "ValueMomentum Towers, Financial District, Nanakaramguda, Telangana 500032",
        "Latitude": 17.421874,
        "Longitude": 78.332089
      }
    ]
  }
}
