{
  "ValidMaintainers": {
    "Description": "GitHub users who maintain this folder. PR for changing this folder will only be accepted from these users.",
    "GitHubHandles": [
      "nanddeepn",
      "SmitaNachan",
      "siddharth-vaghasia",
      "kunj-sangani"
    ]
  },
  "CommunityInfo": {
    "Name": "Pune Tech Community",
    "Country": "India",
    "Url": "https://www.meetup.com/Pune-Tech-Community/",
    "SessionizeApiId": "y7re4ni9",
    "Logo": {
      "Description": "Community logo of Pune Tech Community",
      "File": "punetechcommunity.png"
    },
    "Locations": [
      {
        "Name": "Pune",
        "Address": "Pune",
        "Latitude": 18.516726,
        "Longitude": 73.856255
      }
    ]
  }
}
