{
  "ValidMaintainers": {
    "Description": "GitHub users who maintain this folder. PR for changing this folder will only be accepted from these users.",
    "GitHubHandles": [
      "fisica3",
      "jcastanedacano"
    ]
  },
  "CommunityInfo": {
    "Name": "MUG Peru",
    "Country": "Perú",
    "Url": "https://www.meetup.com/es/msperu/events/285086738/",
    "Logo": {
      "Description": "Global Azure 2023 Perú Edition",
      "File": "mugperu.png"
    },
    "Locations": [
      {
        "Name": "Lima",
        "Address":"Online",
        "Latitude": -12.04318 ,
        "Longitude": -77.02824
      }
    ]
  }
}

