{
  "ValidMaintainers": {
    "Description": "GitHub users who maintain this folder. PR for changing this folder will only be accepted from these users.",
	"GitHubHandles": [
		"hakenr",
		"tomasherceg",
		"gesvindr"
	]
  },
	"CommunityInfo": {
		"Name": "Global Azure Prague",
		"Country": "Czech Republic",
		"Url": "https://www.globalazure.cz",
		"Description_SessionizeApiId": "If you have configured your Sessionize correctly then browsing to this url (replacing {Your sessionize event Id} with your event sessionize id) will return valid json: https://sessionize.com/api/v2/{Your sessionize event Id}/view/Sessions",
		"SessionizeApiId": "r6titas6",
		"SessionizeEventName": "https://sessionize.com/global-azure-prague-2023/",
		"Logo": {
			"Description": "Community logo is a .png file 500X500px in this folder!",
			"File": "global-azure-prague.png"
		},
		"Locations": [
			{
				"Description": "Each location where your community will be running a Global Azure event.",
				"Name": "Microsoft Praha",
				"Address": "Vyskočilova 1561/4a, Praha",
				"Description_Lat_Lon": "The Lat and Lon location for where you want your community pin on the Global Azure Community Map (example 47.6457554, -122.1299952).",
				"Latitude": 50.048009,
				"Longitude": 14.457040
			}
		]
	}
}
