{
  "ValidMaintainers": {
    "Description": "GitHub users who maintain this folder. PR for changing this folder will only be accepted from these users.",
    "GitHubHandles": [
      "codingoutloud",
      "Veroni4ka",
      "jasonhaley"
    ]
  },
  "CommunityInfo": {
    "Name": "Boston Azure",
    "Country": "USA",
    "Url": "https://www.meetup.com/bostonazure/events/292038661/",
    "SessionizeApiId": "",
    "Description_SessionizeApiId": "If you have configured your Sessionize correctly then browsing to this url (replacing {Your sessionize event Id} with your event sessionize id) will return valid json: https://sessionize.com/api/v2/{Your sessionize event Id}/view/Sessions",
    "SessionizeEventName": "{Your sessionize event name (or complete URL to the public Sessionize C4P, i.e. https://sessionize.com/global-azure or just global-azure)}",
    "Logo": {
      "Description": "Boston Azure Logo",
      "File": "bostonazure.png"
    },
    "Locations": [
      {
        "Name": "Microsoft NERD in Cambridge MA",
        "Address": "One Memorial Drivem, Cambridge, MA 02142",
        "Latitude": 42.362238,
        "Longitude": -71.080728
      }
    ]
  }
}
