{
    "ValidMaintainers": {
      "Description": "GitHub users who maintain this folder. PR for changing this folder will only be accepted from these users.",
      "GitHubHandles": [
        "martinabbott",
        "amykapernick",
        "matthewjward"
      ]
    },
    "CommunityInfo": {
      "Name": "Perth Azure User Group",
      "Country": "Australia",
      "Url": "https://www.meetup.com/perthazug/",
      "Logo": {
        "Description": "Community logo is a .png file 500X500px named {foldername}.png.",
        "File": "PerthAzureUserGroupLogo.png"
      },
      "Locations": [
        {
          "Name": "Microsoft Perth",
          "Address": "Level 10, 100 St Georges Terrace, Perth, WA 6000",
          "Latitude": -31.954875,
          "Longitude": 115.857519
        }
      ]
    }
  }