{
  "ValidMaintainers": {
    "Description": "GitHub users who maintain this folder. PR for changing this folder will only be accepted from these users.",
    "GitHubHandles": [
      "SjoukjeZaal",
      "hnky",
      "RoelantD"
    ]
  },
  "CommunityInfo": {
    "Name": "Azure Thursday",
    "Country": "The Netherlands",
    "Url": "https://www.meetup.com/nl-NL/Azure-Thursdays/",
    "SessionizeApiId": "",
    "Locations": [{
      "Name": "Amsterdam",
      "Latitude": 52.291610,
      "Longitude": 4.578690
    }],
    "Logo": {
      "Description": "Community logo is a .png file named {foldername}.png.",
      "File": "logo-azure-thursday.png"
    }
  }
}
